2025-10-30_12-19-37,None,draft.py:2025-10-30_12-19-37
2025-10-30_12-19-38,None,draft.py:2025-10-30_12-19-37
2025-10-30_12-19-39,None,draft.py:2025-10-30_12-19-37
2025-10-30_12-19-39,None,draft.py:2025-10-30_12-19-37
2025-10-30_12-19-40,None,draft.py:2025-10-30_12-19-37
2025-10-30_12-19-40,None,draft.py:2025-10-30_12-19-37
2025-10-30_12-19-40,None,draft.py:2025-10-30_12-19-37
2025-10-30_12-19-40,None,draft.py:2025-10-30_12-19-37
2025-10-30_10-51-34,None,draft.py:2025-10-30_10-51-34
2025-10-30_10-51-37,None,draft.py:2025-10-30_10-51-34
2025-10-30_11-07-10,None,draft.py:2025-10-30_11-07-10
2025-10-30_11-13-48,None,draft.py:2025-10-30_11-13-48
2025-10-31_08-35-41,None,draft.py:2025-10-31_08-35-41
2025-10-31_08-35-46,None,draft.py:2025-10-31_08-35-41
2025-10-31_19-26-35,None,draft.py:2025-10-31_19-26-35
2025-10-31_19-26-42,None,draft.py:2025-10-31_19-26-35
